time.ms,connector,model,runs,parameters
385711,NL4Py,Wolf Sheep Predation,14000,Sobol Experiment
390416,NL4Py,Wolf Sheep Predation,14000,Sobol Experiment
396206,NL4Py,Wolf Sheep Predation,14000,Sobol Experiment
398289,NL4Py,Wolf Sheep Predation,14000,Sobol Experiment
400485,NL4Py,Wolf Sheep Predation,14000,Sobol Experiment
403833,NL4Py,Wolf Sheep Predation,14000,Sobol Experiment
406358,NL4Py,Wolf Sheep Predation,14000,Sobol Experiment
415949,NL4Py,Wolf Sheep Predation,14000,Sobol Experiment
425646,NL4Py,Wolf Sheep Predation,14000,Sobol Experiment
427356,NL4Py,Wolf Sheep Predation,14000,Sobol Experiment
528479,PyNetLogo_IPCluster,Wolf Sheep Predation,14000,Sobol Experiment
513736,PyNetLogo_IPCluster,Wolf Sheep Predation,14000,Sobol Experiment
510384,PyNetLogo_IPCluster,Wolf Sheep Predation,14000,Sobol Experiment
513080,PyNetLogo_IPCluster,Wolf Sheep Predation,14000,Sobol Experiment
515985,PyNetLogo_IPCluster,Wolf Sheep Predation,14000,Sobol Experiment
516641,PyNetLogo_IPCluster,Wolf Sheep Predation,14000,Sobol Experiment
514744,PyNetLogo_IPCluster,Wolf Sheep Predation,14000,Sobol Experiment
515089,PyNetLogo_IPCluster,Wolf Sheep Predation,14000,Sobol Experiment
514594,PyNetLogo_IPCluster,Wolf Sheep Predation,14000,Sobol Experiment
517671,PyNetLogo_IPCluster,Wolf Sheep Predation,14000,Sobol Experiment
